,text
0,This is a test of nerves for those who have done amazing things.
1,Never hide and never be intimidated.
2,Sports can be very good for health but so is healthy food.
3,"Playing sports can help in getting better mentally and physically.When we eat healthy, we increase our immunity."
4,Economy has been impacted due to current globa situation.
5,"Indeed the economic sitaution will change soon, do not be so gloomy my friend."
6,Economy and happiness go hand  in hand sometimes but sometimes they act like enemies.
7,Health is wealth and wisdom  is eternity.
8,"Healthy, wealthy and wise. This is what she was."
